X,Y,OBJECTID,Shape_Leng,Shape_Area,zone,LocationID,borough,Lat,Lng
935223.0266,190535.0526,1,0.11635745300000001,0.000782307,Newark Airport,1,EWR,40.6895314,-74.1744624
1032515.672,167292.4932,2,0.433469667,0.00486634,Jamaica Bay,2,Queens,40.6056632,-73.8713099
1025882.735,254779.6006,3,0.084341106,0.000314414,Allerton/Pelham Gardens,3,Bronx,40.865278,-73.8453138
990618.7951,203105.5323,4,0.043566527,0.000111872,Alphabet City,4,Manhattan,40.7258428,-73.9774916
931467.9628,139837.4784,5,0.09214649,0.0004979569999999999,Arden Heights,5,Staten Island,40.5567951,-74.17390569999999
965428.9907,157538.1873,6,0.150490543,0.000606461,Arrochar/Fort Wadsworth,6,Staten Island,40.6012117,-74.0579185
1005999.2109999999,216570.1602,7,0.10741717099999999,0.000389788,Astoria,7,Queens,46.1878841,-123.8312534
1005519.3890000001,222953.6698,8,0.027590691,2.6600000000000003e-05,Astoria Park,8,Queens,40.7792459,-73.9229654
1042979.892,214199.9913,9,0.09978409199999999,0.00033844400000000003,Auburndale,9,Queens,28.0652975,-81.7886906
1042036.075,186404.2457,10,0.09983947900000001,0.000435824,Baisley Park,10,Queens,40.6737751,-73.786025
981302.2496,159321.9404,11,0.079211039,0.000264521,Bath Beach,11,Brooklyn,40.6038852,-74.0062078
979954.9890000001,195212.3219,12,0.036661301,4.15e-05,Battery Park,12,Manhattan,40.7032775,-74.0170279
979781.1033,198536.3805,13,0.050281322999999996,0.000149359,Battery Park City,13,Manhattan,40.7115786,-74.0158441
975797.9399,166466.4165,14,0.175213698,0.001381778,Bay Ridge,14,Brooklyn,40.6263732,-74.0298767
1042966.344,225424.58,15,0.144336223,0.0009252189999999999,Bay Terrace/Fort Totten,15,Queens,40.7883735,-73.78514919999999
1047503.935,216688.0688,16,0.141291874,0.0008718889999999999,Bayside,16,Queens,25.7782341,-80.1867595
998342.7423,191392.6395,17,0.09352263300000001,0.000322958,Bedford,17,Brooklyn,32.844017,-97.1430671
1015524.983,255811.6162,18,0.06979955,0.00014885,Bedford Park,18,Bronx,41.7641723,-87.7812524
1059665.197,207710.5081,19,0.101824875,0.0005466609999999999,Bellerose,19,Queens,40.72437070000001,-73.71540139999999
1015775.56,251807.9383,20,0.051440192,0.000134513,Belmont,20,Bronx,36.1328981,-86.7940699
989442.568,158619.63199999998,21,0.115973569,0.00038025099999999996,Bensonhurst East,21,Brooklyn,40.6139307,-73.9921833
985833.4720000001,161380.1201,22,0.126170229,0.00047206300000000005,Bensonhurst West,22,Brooklyn,40.6139307,-73.9921833
939978.1196,160646.8523,23,0.290556029,0.002195566,Bloomfield/Emerson Hill,23,Staten Island,42.6044411,-83.27558959999999
993782.5748,231481.0489,24,0.046999962,6.07e-05,Bloomingdale,24,Manhattan,32.6789285,-97.0552733
988005.4733,189064.6011,25,0.04714582,0.000124168,Boerum Hill,25,Brooklyn,40.6848689,-73.9844722
987147.7987,168296.9402,26,0.123547807,0.00053404,Borough Park,26,Brooklyn,40.6350319,-73.9921028
1009318.8659999999,142929.9855,27,0.20250880899999998,0.001340888,Breezy Point/Fort Tilden/Riis Beach,27,Queens,40.5616379,-73.8953425
1037665.2109999999,198318.0765,28,0.097960782,0.00029120400000000004,Briarwood/Jamaica Hills,28,Queens,40.7109315,-73.81356099999999
995199.7664,151388.4311,29,0.071408313,0.00020167400000000002,Brighton Beach,29,Brooklyn,40.5780706,-73.9596565
1034204.6440000001,159698.9392,30,0.094509767,0.00014586200000000002,Broad Channel,30,Queens,40.6158335,-73.8213213
1018627.22,252594.2001,31,0.09642456699999999,0.000333976,Bronx Park,31,Bronx,40.843445,-73.8772819
1021694.52,254249.6344,32,0.05426721599999999,0.000150879,Bronxdale,32,Bronx,40.8506558,-73.86652409999999
985545.3081,192934.8845,33,0.053270292999999996,0.000147417,Brooklyn Heights,33,Brooklyn,40.6959294,-73.9955523
993206.1127,195239.324,34,0.06570593200000001,0.000173946,Brooklyn Navy Yard,34,Brooklyn,40.6985551,-73.9712029
1008530.375,181132.3401,35,0.085787919,0.000323825,Brownsville,35,Brooklyn,25.9017472,-97.4974838
1007385.5229999999,193982.9001,36,0.08705078699999999,0.000247666,Bushwick North,36,Brooklyn,40.6957755,-73.9170604
1004784.2459999999,192954.1407,37,0.14281004,0.00045206300000000005,Bushwick South,37,Brooklyn,40.6957755,-73.9170604
1057584.3,191973.4128,38,0.083217569,0.000327393,Cambria Heights,38,Queens,40.692158,-73.7330753
1012066.2559999999,172053.1118,39,0.132369621,0.000900283,Canarsie,39,Brooklyn,40.6402325,-73.9060579
985409.9396,186473.8264,40,0.051850665,0.00010894899999999999,Carroll Gardens,40,Brooklyn,40.6795331,-73.9991637
997520.5889,232274.1626,41,0.052793109000000005,0.00014309299999999998,Central Harlem,41,Manhattan,40.8115504,-73.9464769
1000990.4709999999,238412.2291,42,0.09270922699999999,0.000263897,Central Harlem North,42,Manhattan,40.8115504,-73.9464769
993784.3667,224349.9169,43,0.099738618,0.00037966300000000003,Central Park,43,Manhattan,40.7828647,-73.9653551
920436.3369,131469.1414,44,0.235688968,0.0019446560000000001,Charleston/Tottenville,44,Staten Island,40.52168,-74.2368561
984734.4197,199062.7027,45,0.045906863,9.14e-05,Chinatown,45,Manhattan,40.7157509,-73.9970307
1043322.207,248116.4989,46,0.13447543,0.000926392,City Island,46,Bronx,40.8468202,-73.7874983
1012767.08,247425.53100000002,47,0.089827556,0.000163198,Claremont/Bathgate,47,Bronx,40.8426797,-73.8993571
987059.9306,216980.2975,48,0.043746744000000004,9.429999999999999e-05,Clinton East,48,Manhattan,39.4067432,-83.8473015
993974.8786,190123.2803,49,0.075290018,0.00020318599999999998,Clinton Hill,49,Brooklyn,40.6896834,-73.9661144
985939.8863,218603.5227,50,0.055747987,0.00017324900000000002,Clinton West,50,Manhattan,36.1037745,-96.01828599999999
1031147.48,257767.3374,51,0.095361344,0.00039575699999999994,Co-Op City,51,Bronx,40.8738889,-73.82944440000001
985103.5111,189424.9943,52,0.028907671,4.52e-05,Cobble Hill,52,Brooklyn,40.686536,-73.9962255
1027433.108,224214.5923,53,0.161500913,0.000947531,College Point,53,Queens,40.786395,-73.8389657
983392.2611,189565.8462,54,0.076219245,0.000132452,Columbia Street,54,Brooklyn,34.0255673,-81.0254959
986896.2156,149456.6732,55,0.149956808,0.000736275,Coney Island,55,Brooklyn,40.5755438,-73.9707016
1023307.4,209492.4157,56,0.056847813,0.000180908,Corona,56,Queens,33.8752935,-117.5664384
1024871.753,213399.6897,57,0.019270505,1.8e-05,Corona,56,Queens,33.8752935,-117.5664384
1033859.4240000001,245900.361,58,0.059855409000000005,0.000204981,Country Club,58,Bronx,37.0582635,-95.67914909999999
1013836.6479999999,244914.7206,59,0.037794807,6.29e-05,Crotona Park,59,Bronx,40.8400367,-73.8953489
1014751.087,242159.3244,60,0.078648288,0.00016183299999999998,Crotona Park East,60,Bronx,40.8400367,-73.8953489
1000537.7540000001,184780.9845,61,0.117310808,0.0005107719999999999,Crown Heights North,61,Brooklyn,40.6694022,-73.9422324
998323.4086,182319.187,62,0.082259336,0.000158238,Crown Heights South,62,Brooklyn,40.6694022,-73.9422324
1018175.697,188794.9339,63,0.11910072199999999,0.000353191,Cypress Hills,63,Brooklyn,40.6836118,-73.8801301
1058661.951,216509.2943,64,0.184451885,0.001057903,Douglaston,64,Queens,40.76401509999999,-73.7433727
988251.1451,192619.7729,65,0.044607068,8.18e-05,Downtown Brooklyn/MetroTech,65,Brooklyn,40.6930987,-73.98566339999999
988025.7049,194936.8234,66,0.054633459,0.000108379,DUMBO/Vinegar Hill,66,Brooklyn,40.702755,-73.9812884
980159.0277,164596.3439,67,0.099747078,0.000394282,Dyker Heights,67,Brooklyn,40.6214932,-74.00958399999999
984266.5814,211937.9441,68,0.04933738,0.000111073,East Chelsea,68,Manhattan,40.7465004,-74.00137370000002
1007671.3459999999,241901.3543,69,0.078989645,0.00019905200000000002,East Concourse/Concourse Village,69,Bronx,40.8250748,-73.9214337
1020704.334,217630.9147,70,0.063840318,0.000195458,East Elmhurst,70,Queens,40.7737505,-73.8713099
1001529.543,173883.0425,71,0.093169455,0.00038257300000000004,East Flatbush/Farragut,71,Brooklyn,40.6373955,-73.9298657
1006389.995,176995.4673,72,0.09520207,0.000323532,East Flatbush/Remsen Village,72,Brooklyn,40.6527657,-73.9199771
1037837.2159999999,213928.1612,73,0.08530202099999999,0.0002918,East Flushing,73,Queens,40.7540534,-73.8086418
1001328.229,232772.3096,74,0.11029093599999999,0.000295038,East Harlem North,74,Manhattan,40.7957399,-73.93892129999999
999491.7068,227336.8825,75,0.08766389999999999,0.00024056400000000002,East Harlem South,75,Manhattan,40.7957399,-73.93892129999999
1017983.4140000001,179276.9802,76,0.24120301600000002,0.001266601,East New York,76,Brooklyn,40.6590529,-73.8759245
1013179.635,182555.4151,77,0.075461081,0.000191918,East New York/Pennsylvania Avenue,77,Brooklyn,40.6585561,-73.8905344
1015612.147,247529.3595,78,0.09359445,0.00019111400000000001,East Tremont,78,Bronx,40.8453781,-73.8909693
988348.1213,204486.6353,79,0.042624910999999994,0.00010789299999999999,East Village,79,Manhattan,40.7264773,-73.98153370000001
1000237.5059999999,199582.303,80,0.117212621,0.00040732199999999995,East Williamsburg,80,Brooklyn,40.7141953,-73.9316461
1026966.89,258960.9358,81,0.197592772,0.000399567,Eastchester,81,Bronx,40.95956049999999,-73.8095574
1019626.1240000001,208344.7016,82,0.11987565,0.00032360099999999997,Elmhurst,82,Queens,41.8994744,-87.9403418
1014948.1579999999,208951.0259,83,0.105984933,0.000217464,Elmhurst/Maspeth,83,Queens,40.7292874,-73.8868341
935899.0229999999,133152.7858,84,0.233623987,0.002073756,Eltingville/Annadale/Prince's Bay,84,Staten Island,40.5394463,-74.156292
997512.0567,175092.4347,85,0.057475147000000004,0.000143638,Erasmus,85,Brooklyn,40.6492617,-73.9580402
1052508.8429999999,158898.8145,86,0.13424528300000002,0.000623279,Far Rockaway,86,Queens,40.5998931,-73.74484369999999
982084.0663,196731.7332,87,0.03690155,6.720000000000001e-05,Financial District North,87,Manhattan,40.7077143,-74.00827869999999
981114.7316,195542.0045,88,0.035204604,5.73e-05,Financial District South,88,Manhattan,36.1504913,-95.9906967
994603.4693,172805.87600000002,89,0.12279457,0.00044754800000000003,Flatbush/Ditmas Park,89,Brooklyn,40.6414876,-73.9593998
985142.9638,209806.2307,90,0.030759162000000003,5.5299999999999996e-05,Flatiron,90,Manhattan,40.740083,-73.9903489
1002974.7390000001,167858.6797,91,0.124996625,0.00053733,Flatlands,91,Brooklyn,40.6232714,-73.9321664
1031218.5090000001,217714.3724,92,0.117830067,0.000374947,Flushing,92,Queens,40.7674987,-73.833079
1028064.2840000001,208639.2695,93,0.170998028,0.0005942780000000001,Flushing Meadows-Corona Park,93,Queens,40.73971359999999,-73.840785
1011748.766,251980.7038,94,0.049832608,6.26e-05,Fordham South,94,Bronx,40.8592667,-73.8984694
1026320.868,202890.8968,95,0.113629605,0.00057277,Forest Hills,95,Queens,40.718106,-73.8448469
1018631.609,192785.2745,96,0.18518024800000002,0.000547566,Forest Park/Highland Park,96,Queens,42.8372553,-75.9237649
991023.0993,190887.2895,97,0.062476015,0.000163304,Fort Greene,97,Brooklyn,40.6920638,-73.97418739999999
1045345.4,206711.6061,98,0.12166101800000001,0.00048577300000000005,Fresh Meadows,98,Queens,40.7335179,-73.7801447
932109.6899,150502.7459,99,0.183371489,0.001210165,Freshkills Park,99,Staten Island,40.5773669,-74.18616159999999
987356.9609,213802.3827,100,0.024813109,3.75e-05,Garment District,100,Manhattan,40.7547072,-73.9916342
1064866.095,210368.4031,101,0.101709836,0.000452343,Glen Oaks,101,Queens,40.7471504,-73.7118223
1016968.165,195303.5468,102,0.136900485,0.000296595,Glendale,102,Queens,34.1425078,-118.255075
971720.1576,190614.4772,103,0.014305517,6.33e-06,Governor's Island/Ellis Island/Liberty Island,103,Manhattan,40.6892494,-74.04450039999999
973399.5438,193824.4004,104,0.021220832999999998,1.1900000000000001e-05,Governor's Island/Ellis Island/Liberty Island,103,Manhattan,40.6892494,-74.04450039999999
979037.7546,189984.1582,105,0.07742534,0.000368636,Governor's Island/Ellis Island/Liberty Island,103,Manhattan,40.6892494,-74.04450039999999
986534.7151,184600.1437,106,0.049211012,0.000113617,Gowanus,106,Brooklyn,40.6751161,-73.9879753
988875.1265,207912.9373,107,0.038041365,7.46e-05,Gramercy,107,Manhattan,40.7367783,-73.9844722
989700.3676,153905.8123,108,0.111171412,0.00035286599999999997,Gravesend,108,Brooklyn,51.44188399999999,0.370759
941809.1507,139267.3386,109,0.17826782,0.0011696010000000001,Great Kills,109,Staten Island,40.5543273,-74.156292
949273.181,137228.665,110,0.10394629300000001,0.000525745,Great Kills Park,110,Staten Island,40.54875740000001,-74.1268624
986750.3991,176859.8819,111,0.05993088,0.00020868299999999998,Green-Wood Cemetery,111,Brooklyn,40.65807789999999,-73.9948493
998531.4923,204813.3121,112,0.107267876,0.000462069,Greenpoint,112,Brooklyn,40.7304701,-73.95150319999999
985738.7666,206141.0082,113,0.032745351,5.7999999999999994e-05,Greenwich Village North,113,Manhattan,40.7335719,-74.0027418
984616.4227,204729.46600000001,114,0.031727035,4.7e-05,Greenwich Village South,114,Manhattan,40.7335719,-74.0027418
958574.6579,165219.1221,115,0.116169414,0.000373169,Grymes Hill/Clifton,115,Staten Island,40.6189726,-74.0784785
998816.0518,240775.0213,116,0.068116484,0.000260415,Hamilton Heights,116,Manhattan,40.8252793,-73.94761390000001
1046434.32,156515.0961,117,0.169885858,0.0009042939999999999,Hammels/Arverne,117,Queens,40.5879465,-73.80808689999999
946177.8953,152667.3989,118,0.243966218,0.0018269389999999999,Heartland Village/Todt Hill,118,Staten Island,40.5763167,-74.16884639999999
1004459.334,244129.0644,119,0.08350703599999999,0.000185779,Highbridge,119,Bronx,40.836916,-73.9271294
1003393.913,247507.081,120,0.08326127,9.31e-05,Highbridge Park,120,Manhattan,40.8446296,-73.9329638
1039769.76,204332.2327,121,0.09691533699999999,0.00038456300000000004,Hillcrest/Pomonok,121,Queens,40.7336439,-73.81240369999999
1050352.622,198427.8778,122,0.066531844,0.000226597,Hollis,122,Queens,42.74251659999999,-71.58953439999999
993914.2874,157949.1149,123,0.083421139,0.000296445,Homecrest,123,Brooklyn,46.431465,-95.131433
1025865.93,179609.9773,124,0.12772441,0.0007548380000000001,Howard Beach,124,Queens,40.6571222,-73.8429989
982261.0755,203550.7913,125,0.049732212000000005,7.64e-05,Hudson Sq,125,Manhattan,40.7265834,-74.0074731
1016089.089,235830.3585,126,0.129948726,0.0007032739999999999,Hunts Point,126,Bronx,40.8094385,-73.8803315
1006287.517,254453.3252,127,0.060018885999999994,0.000163196,Inwood,127,Manhattan,40.8677145,-73.9212019
1004872.848,257047.9705,128,0.070209029,0.00020740599999999999,Inwood Hill Park,128,Manhattan,40.8722007,-73.9255549
1015442.387,215841.865,129,0.09327272699999999,0.000473988,Jackson Heights,129,Queens,40.7556818,-73.8830701
1039607.037,195561.1974,130,0.14202832099999999,0.00046832300000000004,Jamaica,130,Queens,18.109581,-77.297508
1047623.9870000001,201824.8689,131,0.11654712099999999,0.000423696,Jamaica Estates,131,Queens,40.7195911,-73.7850426
1045786.1020000001,173472.4165,132,0.24547851699999998,0.002038301,JFK Airport,132,Queens,40.6413111,-73.77813909999999
991372.55,172223.4199,133,0.065134863,0.000157189,Kensington,133,Brooklyn,39.9817259,-75.1281195
1031383.547,197539.0295,134,0.06958782200000001,0.000202375,Kew Gardens,134,Queens,43.6701043,-79.29879969999999
1033033.8790000001,205069.2965,135,0.121793046,0.00046791199999999996,Kew Gardens Hills,135,Queens,40.73844709999999,-73.8104048
1010327.417,254362.6257,136,0.090628715,0.000148525,Kingsbridge Heights,136,Bronx,40.8776345,-73.9006631
990590.5190000001,209010.2761,137,0.04610762400000001,0.000116455,Kips Bay,137,Manhattan,40.74232920000001,-73.9800645
1019479.4720000001,221607.4718,138,0.107466934,0.000536797,LaGuardia Airport,138,Queens,40.7769271,-73.8739659
1055445.24,186303.0912,139,0.09329978800000001,0.00044667,Laurelton,139,Queens,40.67764,-73.7447853
996835.0322,218174.79,140,0.047584290999999994,0.00011420399999999999,Lenox Hill East,140,Manhattan,40.7662315,-73.9602312
995409.7018,218659.3837,141,0.041514464,7.670000000000001e-05,Lenox Hill West,141,Manhattan,40.7662315,-73.9602312
989414.8861,221232.1722,142,0.038175894,7.57e-05,Lincoln Square East,142,Manhattan,40.7741769,-73.98491179999999
987581.0756,221911.0505,143,0.054179854000000006,0.000151094,Lincoln Square West,143,Manhattan,40.7741769,-73.98491179999999
984968.8548,201803.7945,144,0.027620167,4.7499999999999996e-05,Little Italy/NoLiTa,144,Manhattan,40.7205409,-73.9966188
998464.7889,211283.6648,145,0.114313845,0.000346642,Long Island City/Hunters Point,145,Queens,40.7485587,-73.94964639999999
1002636.94,214178.8744,146,0.047140522000000004,0.000104639,Long Island City/Queens Plaza,146,Queens,40.7509846,-73.9402762
1012428.668,237749.6466,147,0.058765495,0.000106418,Longwood,147,Bronx,37.29717979999999,-78.3961973
986822.8784,201304.8683,148,0.039130502000000005,6.97e-05,Lower East Side,148,Manhattan,40.715033,-73.9842724
998557.1379999999,160266.0312,149,0.083680582,0.00027064,Madison,149,Brooklyn,43.0730517,-89.4012302
1000115.542,150686.8185,150,0.089331491,0.00033256800000000005,Manhattan Beach,150,Brooklyn,33.8847361,-118.4109089
993163.0124,229962.8097,151,0.054889941,0.000128849,Manhattan Valley,151,Manhattan,40.796989,-73.969707
996892.4997,237145.8587,152,0.057909477,0.000146638,Manhattanville,152,Manhattan,40.8169443,-73.9558333
1008845.682,258295.0956,153,0.024737238999999998,3.2500000000000004e-05,Marble Hill,153,Manhattan,40.8761173,-73.9102628
1013099.185,155382.6404,154,0.227331571,0.001789687,Marine Park/Floyd Bennett Field,154,Brooklyn,40.5910174,-73.89060909999999
1010132.947,164367.1802,155,0.16980847300000002,0.0008682610000000001,Marine Park/Mill Basin,155,Brooklyn,40.6173922,-73.9114225
938488.8473,168389.4267,156,0.14447689,0.001052122,Mariners Harbor,156,Staten Island,41.9181579,-73.98303829999999
1011434.314,203078.8231,157,0.131300218,0.00035437,Maspeth,157,Queens,40.7294018,-73.9065883
981926.0197,207147.39899999998,158,0.054809990999999995,0.000185568,Meatpacking/West Village West,158,Manhattan,40.7409865,-74.0076108
1008169.271,237402.9332,159,0.06436323299999999,0.00017124900000000003,Melrose South,159,Bronx,31.542261,-94.50082499999999
1017317.016,201069.3538,160,0.14151914300000001,0.000571235,Middle Village,160,Queens,40.717372,-73.87425
990502.2531,215519.8659,161,0.03580391,7.190000000000001e-05,Midtown Center,161,Manhattan,36.3731209,-94.21004690000001
991966.9406,215006.4597,162,0.035269815,4.79e-05,Midtown East,162,Manhattan,40.7571432,-73.9718815
990242.6227,217778.2895,163,0.034176867,4.09e-05,Midtown North,163,Manhattan,40.7649516,-73.9851039
988148.8157,212087.7944,164,0.035771612,5.56e-05,Midtown South,164,Manhattan,40.7549309,-73.9840195
996852.6555,165511.6453,165,0.088608036,0.000353959,Midwood,165,Brooklyn,40.6204388,-73.95997779999999
994820.4931,234227.6404,166,0.068823754,0.000255276,Morningside Heights,166,Manhattan,40.8089564,-73.96243270000001
1010695.3640000001,240950.0324,167,0.09081597400000001,0.000167529,Morrisania/Melrose,167,Bronx,40.824545,-73.9104143
1007211.151,233459.9183,168,0.114517434,0.000547058,Mott Haven/Port Morris,168,Bronx,40.8022025,-73.9166051
1010526.818,248647.1295,169,0.060104658,0.000146028,Mount Hope,169,Bronx,37.8686224,-97.665047
990638.9732,211668.1067,170,0.045769009000000006,7.43e-05,Murray Hill,170,Manhattan,40.7478792,-73.9756567
1037188.868,219481.4359,171,0.107353876,0.0005201,Murray Hill-Queens,171,Queens,40.7634996,-73.8073261
955378.0543,147858.1676,172,0.11847611599999999,0.000658403,New Dorp/Midland Beach,172,Staten Island,40.57149,-74.0931627
1022184.7629999999,213199.76899999997,173,0.060063965999999996,0.00017833,North Corona,173,Queens,40.7543725,-73.8669188
1018054.7270000001,258762.4175,174,0.06781775599999999,0.000155929,Norwood,174,Bronx,42.19439089999999,-71.19896949999999
1051486.558,210164.4567,175,0.134897665,0.000504921,Oakland Gardens,175,Queens,40.7408584,-73.758241
951015.1537,144073.003,176,0.151995191,0.000657782,Oakwood,176,Staten Island,37.3375302,-95.2402666
1008907.123,185974.2057,177,0.071580541,0.000198895,Ocean Hill,177,Brooklyn,36.3828821,-75.82797459999999
992387.4807,164298.1671,178,0.068252877,0.000175805,Ocean Parkway South,178,Brooklyn,40.61287799999999,-73.96838620000001
1004521.786,220336.3096,179,0.071380864,0.000183893,Old Astoria,179,Queens,40.770112,-73.9096452
1026033.916,185292.7322,180,0.080527767,0.000247682,Ozone Park,180,Queens,40.6794072,-73.8507279
990062.887,184111.7929,181,0.08953724,0.00030689,Park Slope,181,Brooklyn,40.6710672,-73.98142279999999
1023558.863,244398.1962,182,0.039360637000000004,9.109999999999999e-05,Parkchester,182,Bronx,40.8382522,-73.8566087
1030769.0179999999,248842.87699999998,183,0.039826296000000004,9.520000000000001e-05,Pelham Bay,183,Bronx,40.8505556,-73.83333329999999
1038293.709,254402.5575,184,0.260815683,0.001988834,Pelham Bay Park,184,Bronx,40.8654997,-73.8091736
1024313.23,250253.3626,185,0.086161968,0.000228537,Pelham Parkway,185,Bronx,40.8553279,-73.8639594
986340.4718,211966.8662,186,0.02469639,3.71e-05,Penn Station/Madison Sq West,186,Manhattan,40.7483605,-73.9907657
945067.3759,167177.6035,187,0.126868431,0.000421196,Port Richmond,187,Staten Island,39.9885174,-75.1063473
999454.6176,178848.0044,188,0.097798397,0.000313003,Prospect-Lefferts Gardens,188,Brooklyn,40.6592355,-73.9533895
993051.2337,185993.8462,189,0.048674330999999994,0.00010142799999999999,Prospect Heights,189,Brooklyn,40.6774196,-73.9668408
992309.7469,179954.8759,190,0.074329466,0.000270874,Prospect Park,190,Brooklyn,40.6602037,-73.9689558
1056016.866,199613.4021,191,0.13093263800000002,0.000688461,Queens Village,191,Queens,40.7156628,-73.7419017
1035459.392,210539.6534,192,0.11196462,0.00037380800000000005,Queensboro Hill,192,Queens,40.743168,-73.827958
1000792.132,216799.1163,193,0.065529958,0.000145592,Queensbridge Housing,193,Queens,40.7553227,-73.9455065
1006117.1009999999,227627.1511,194,0.081793835,0.000273482,Randalls Island,194,Manhattan,40.7932271,-73.92128579999999
981601.1839,185365.4588,195,0.131308244,0.0008016519999999999,Red Hook,195,Brooklyn,40.6733676,-74.00831889999999
1021943.9709999999,202950.2294,196,0.083242111,0.00019747099999999998,Rego Park,196,Queens,40.72557219999999,-73.8624893
1031657.891,191801.4658,197,0.108568532,0.000504689,Richmond Hill,197,Queens,31.9382652,-81.3034433
1011423.405,195967.8698,198,0.134094243,0.00049981,Ridgewood,198,Queens,40.9792645,-74.11653129999999
1016498.527,227862.0636,199,0.077808501,0.00028874799999999997,Rikers Island,199,Bronx,40.79312770000001,-73.88601
1010108.92,267135.0299,200,0.112661735,0.000744643,Riverdale/North Riverdale/Fieldston,200,Bronx,40.9090464,-73.90364869999999
1026683.448,149700.8641,201,0.130404118,0.000619351,Rockaway Park,201,Queens,40.57978629999999,-73.8372237
997987.6043,216594.6092,202,0.069921571,0.000106175,Roosevelt Island,202,Manhattan,40.76050310000001,-73.9509934
1057297.063,179660.4438,203,0.189937816,0.00061513,Rosedale,203,Queens,45.01264,-93.1722643
926723.33,136351.6441,204,0.101912418,0.000641384,Rossville/Woodrow,204,Staten Island,40.5434385,-74.19764409999999
1050079.729,191559.6782,205,0.141953388,0.0007662169999999999,Saint Albans,205,Queens,44.8107132,-73.0835582
950066.2578,170997.5657,206,0.212756793,0.0009443930000000001,Saint George/New Brighton,206,Staten Island,40.6458363,-74.0861345
1012138.6429999999,217460.5394,207,0.028375683,4.47e-05,Saint Michaels Cemetery/Woodside,207,Queens,40.7646761,-73.89850419999999
1032714.815,239781.0488,208,0.21472101,0.0020203260000000002,Schuylerville/Edgewater Park,208,Bronx,40.83665389999999,-73.83378909999999
983595.777,197398.3965,209,0.030695311,3.8900000000000004e-05,Seaport,209,Manhattan,32.7094908,-117.1708757
999709.1419,155604.6869,210,0.114851983,0.000453155,Sheepshead Bay,210,Brooklyn,40.5953955,-73.94575379999999
983868.9504,203012.49800000002,211,0.025234508,3.97e-05,SoHo,211,Manhattan,40.723301,-74.0029883
1020254.275,241067.6197,212,0.067129065,0.000161276,Soundview/Bruckner,212,Bronx,40.8248261,-73.87051869999999
1022782.5129999999,236777.3522,213,0.159958784,0.000904078,Soundview/Castle Hill,213,Bronx,40.8176831,-73.8507279
960395.1140000001,153009.2606,214,0.135300314,0.000811977,South Beach/Dongan Hills,214,Staten Island,40.5829261,-74.0896753
1042382.073,192258.2529,215,0.103556454,0.00039564699999999995,South Jamaica,215,Queens,40.6808594,-73.7919103
1034035.311,186002.7242,216,0.116797555,0.000816077,South Ozone Park,216,Queens,40.6764003,-73.8124984
996215.2572,195492.2161,217,0.055390525,0.00011473299999999999,South Williamsburg,217,Brooklyn,40.7085742,-73.9701826
1047462.718,184776.5703,218,0.083700828,0.000281294,Springfield Gardens North,218,Queens,40.6707283,-73.78161539999999
1050557.361,179905.8864,219,0.15512667,0.000428176,Springfield Gardens South,219,Queens,40.6707283,-73.78161539999999
1008618.071,260590.4019,220,0.106015943,0.000313036,Spuyten Duyvil/Kingsbridge,220,Bronx,40.8794197,-73.9074286
961670.4465,165251.1835,221,0.166218221,0.000890112,Stapleton,221,Staten Island,39.7601463,-104.8907792
1016957.041,174971.2626,222,0.048389352999999996,0.00013026799999999998,Starrett City,222,Brooklyn,40.6489978,-73.880203
1010097.755,222807.4149,223,0.166021925,0.0007643610000000001,Steinway,223,Queens,40.7800438,-73.89969839999999
990391.0437,205865.6517,224,0.044020446,9.85e-05,Stuy Town/Peter Cooper Village,224,Manhattan,40.7316903,-73.9778494
1003262.224,190226.848,225,0.08879920699999999,0.000310835,Stuyvesant Heights,225,Brooklyn,40.6824166,-73.9319933
1003837.4820000001,207164.4234,226,0.16895776199999998,0.000761944,Sunnyside,226,Queens,37.6787399,-97.30085629999999
982364.3506,173027.7704,227,0.082830157,0.000268317,Sunset Park East,227,Brooklyn,40.65272,-74.00933479999999
981486.2307,177407.2779,228,0.177685178,0.000993415,Sunset Park West,228,Brooklyn,40.65272,-74.00933479999999
993898.33,214924.4994,229,0.04252529,9.470000000000001e-05,Sutton Place/Turtle Bay North,229,Manhattan,40.7580446,-73.960208
988633.7086,216109.0411,230,0.03102831,5.610000000000001e-05,Times Sq/Theatre District,230,Manhattan,40.759011,-73.9844722
982389.5171,201116.7965,231,0.063420117,0.00016693,TriBeCa/Civic Center,231,Manhattan,40.71636489999999,-74.0123498
989154.8792,199911.4479,232,0.061470909000000004,0.00021605,Two Bridges/Seward Park,232,Manhattan,40.7149056,-73.98924699999999
992214.2877,212221.5621,233,0.048035918,0.00011618799999999999,UN/Turtle Bay South,233,Manhattan,40.7571432,-73.9718815
986888.7771,208992.9156,234,0.036072199,7.31e-05,Union Sq,234,Manhattan,40.7358633,-73.9910835
1007773.36,250243.0561,235,0.076166843,0.000212845,University Heights/Morris Heights,235,Bronx,40.8543673,-73.9130236
996166.3275,223633.865,236,0.044251922,0.000102864,Upper East Side North,236,Manhattan,40.7735649,-73.9565551
993753.3107,219279.1627,237,0.042212599999999996,9.6e-05,Upper East Side South,237,Manhattan,40.7735649,-73.9565551
991777.6371,227739.8908,238,0.060109311,0.00018476400000000002,Upper West Side North,238,Manhattan,40.7870106,-73.9753676
990266.7853,224949.0756,239,0.063626115,0.000204715,Upper West Side South,239,Manhattan,40.7870106,-73.9753676
1017684.3829999999,265281.3527,240,0.146069764,0.0007221310000000001,Van Cortlandt Park,240,Bronx,40.8964243,-73.8852842
1012886.593,258436.3238,241,0.06876457799999999,0.00025467700000000003,Van Cortlandt Village,241,Bronx,40.8964243,-73.8852842
1028548.8420000001,248848.8958,242,0.138136446,0.00036007199999999996,Van Nest/Morris Park,242,Bronx,40.8456075,-73.8643305
1002832.195,252121.4302,243,0.0943315,0.000438377,Washington Heights North,243,Manhattan,40.8417082,-73.9393554
1000390.411,245761.3923,244,0.080568604,0.000359703,Washington Heights South,244,Manhattan,40.8417082,-73.9393554
955612.0855,168264.8979,245,0.09598306,0.000466175,West Brighton,245,Staten Island,40.6270298,-74.10931409999999
982999.7344,213409.8884,246,0.06946719400000001,0.000281298,West Chelsea/Hudson Yards,246,Manhattan,40.752559,-74.002736
1004989.375,241390.2232,247,0.09296785800000001,0.000205617,West Concourse,247,Bronx,28.4248274,-81.4694363
1019944.062,243398.9973,248,0.056919117000000005,0.000149593,West Farms/Bronx River,248,Bronx,40.8430609,-73.8816001
983558.0146,206915.3967,249,0.036384344,7.219999999999999e-05,West Village,249,Manhattan,40.73468,-74.0047554
1025903.712,242611.8776,250,0.079626347,0.00024097599999999998,Westchester Village/Unionport,250,Bronx,40.83083329999999,-73.8700116
950037.5912,165039.4451,251,0.137711161,0.000625755,Westerleigh,251,Staten Island,40.621215,-74.1318094
1035369.74,226551.8118,252,0.158004374,0.001025264,Whitestone,252,Queens,50.9431789,3.4392658
1028166.428,216236.4047,253,0.0360515,7.829999999999999e-05,Willets Point,253,Queens,40.7606911,-73.840436
1023441.084,261091.6499,254,0.085886375,0.00036004,Williamsbridge/Olinville,254,Bronx,40.8554311,-73.8553609
996132.6238,201170.1111,255,0.0623842,0.00017230900000000002,Williamsburg (North Side),255,Brooklyn,40.7149187,-73.95286709999999
995586.7325,198307.2827,256,0.067914967,0.000168611,Williamsburg (South Side),256,Brooklyn,40.7085742,-73.9701826
990565.4889,177424.8054,257,0.058669026,0.000138909,Windsor Terrace,257,Brooklyn,40.6539346,-73.9756567
1024007.1120000001,190740.6165,258,0.089013379,0.00036621,Woodhaven,258,Queens,42.1389839,-83.24179939999999
1023962.1059999999,266878.034,259,0.126750305,0.00039455199999999995,Woodlawn/Wakefield,259,Bronx,40.906716,-73.8629
1010929.715,211369.8834,260,0.133514155,0.000422345,Woodside,260,Queens,37.4299388,-122.2538557
980668.1872,197575.6899,261,0.027120456,3.43e-05,World Trade Center,261,Manhattan,40.7118011,-74.0131196
999253.1086,222193.8188,262,0.049063623,0.00012233,Yorkville East,262,Manhattan,40.770203,-73.95072990000001
997763.1583,222907.6347,263,0.037016625,6.579999999999999e-05,Yorkville West,263,Manhattan,41.6411409,-88.44729480000001
